{"cameraMode":{"drawMode":0,"name":"Shaded","section":"Shading Mode"},"sceneLighting":true,"audioPlay":false,"sceneViewState":{"showFog":true,"showMaterialUpdate":false,"showSkybox":true,"showFlares":true,"showImageEffects":true,"showParticleSystems":true},"in2DMode":false,"pivot":{"x":97.93133544921875,"y":1.933052659034729,"z":99.82266235351563},"rotation":{"x":-0.10609886050224304,"y":-0.7433865070343018,"z":0.12149882316589356,"w":-0.6492300629615784},"size":293.76397705078127,"orthographic":true}