{"cameraMode":{"drawMode":0,"name":"Shaded","section":"Shading Mode"},"sceneLighting":false,"audioPlay":false,"sceneViewState":{"showFog":true,"showMaterialUpdate":false,"showSkybox":false,"showFlares":true,"showImageEffects":true,"showParticleSystems":true},"in2DMode":false,"pivot":{"x":-33.866573333740237,"y":68.3606948852539,"z":-86.76123046875},"rotation":{"x":-0.37562474608421328,"y":-0.043916426599025729,"z":0.01781805232167244,"w":-0.9256282448768616},"size":42.67304229736328,"orthographic":true}