{"cameraMode":{"drawMode":0,"name":"Shaded","section":"Shading Mode"},"sceneLighting":true,"audioPlay":false,"sceneViewState":{"showFog":true,"showMaterialUpdate":false,"showSkybox":true,"showFlares":true,"showImageEffects":true,"showParticleSystems":true},"in2DMode":false,"pivot":{"x":0.33342042565345766,"y":-0.1302328109741211,"z":-0.14856873452663423},"rotation":{"x":-0.6695058941841126,"y":-0.0006466193008236587,"z":0.0006384358275681734,"w":-0.7428699135780335},"size":30.756200790405275,"orthographic":true}