{"cameraMode":{"drawMode":0,"name":"Shaded","section":"Shading Mode"},"sceneLighting":true,"audioPlay":false,"sceneViewState":{"showFog":true,"showMaterialUpdate":false,"showSkybox":true,"showFlares":true,"showImageEffects":true,"showParticleSystems":true},"in2DMode":false,"pivot":{"x":42.93508529663086,"y":45.19095993041992,"z":99.04873657226563},"rotation":{"x":0.0017731237458065153,"y":-0.9380599856376648,"z":0.34667617082595827,"w":0.004804702475667},"size":110.83271789550781,"orthographic":true}