{"cameraMode":{"drawMode":0,"name":"Shaded","section":"Shading Mode"},"sceneLighting":false,"audioPlay":false,"sceneViewState":{"showFog":true,"showMaterialUpdate":false,"showSkybox":false,"showFlares":true,"showImageEffects":true,"showParticleSystems":true},"in2DMode":false,"pivot":{"x":-8.979366302490235,"y":49.93629455566406,"z":-72.61028289794922},"rotation":{"x":-0.38685327768325808,"y":-0.03541206941008568,"z":0.01485398504883051,"w":-0.9214057326316834},"size":48.49643325805664,"orthographic":true}