{"cameraMode":{"drawMode":0,"name":"Shaded","section":"Shading Mode"},"sceneLighting":true,"audioPlay":false,"sceneViewState":{"showFog":true,"showMaterialUpdate":false,"showSkybox":true,"showFlares":true,"showImageEffects":true,"showParticleSystems":true},"in2DMode":false,"pivot":{"x":0.33342042565345766,"y":-0.1302328109741211,"z":-0.14856873452663423},"rotation":{"x":-0.16571415960788728,"y":-0.017166947945952417,"z":0.0028894972056150438,"w":-0.9860624670982361},"size":18.169511795043947,"orthographic":true}