{"cameraMode":{"drawMode":0,"name":"Shaded","section":"Shading Mode"},"sceneLighting":false,"audioPlay":false,"sceneViewState":{"showFog":true,"showMaterialUpdate":false,"showSkybox":false,"showFlares":true,"showImageEffects":true,"showParticleSystems":true},"in2DMode":false,"pivot":{"x":-33.866573333740237,"y":68.3606948852539,"z":-86.76123046875},"rotation":{"x":-0.3689138889312744,"y":0.028428608551621438,"z":-0.01129176840186119,"w":-0.9290291666984558},"size":42.67304229736328,"orthographic":true}