{"cameraMode":{"drawMode":0,"name":"Shaded","section":"Shading Mode"},"sceneLighting":true,"audioPlay":false,"sceneViewState":{"showFog":true,"showMaterialUpdate":false,"showSkybox":true,"showFlares":true,"showImageEffects":true,"showParticleSystems":true},"in2DMode":false,"pivot":{"x":0.3400000333786011,"y":0.8971946239471436,"z":-8.049365997314454},"rotation":{"x":-0.575770914554596,"y":-0.0007524762768298388,"z":0.000509571866132319,"w":-0.8176915645599365},"size":86.23159790039063,"orthographic":true}