{"cameraMode":{"drawMode":0,"name":"Shaded","section":"Shading Mode"},"sceneLighting":false,"audioPlay":false,"sceneViewState":{"showFog":true,"showMaterialUpdate":false,"showSkybox":false,"showFlares":true,"showImageEffects":true,"showParticleSystems":true},"in2DMode":false,"pivot":{"x":0.3806118965148926,"y":0.05454063415527344,"z":-0.4428061544895172},"rotation":{"x":0.12586098909378053,"y":-0.37665635347366335,"z":0.05173245817422867,"w":0.9163132309913635},"size":3.060303211212158,"orthographic":true}