{"cameraMode":{"drawMode":0,"name":"Shaded","section":"Shading Mode"},"sceneLighting":false,"audioPlay":false,"sceneViewState":{"showFog":true,"showMaterialUpdate":false,"showSkybox":false,"showFlares":true,"showImageEffects":true,"showParticleSystems":true},"in2DMode":false,"pivot":{"x":0.3806118965148926,"y":0.05454063415527344,"z":-0.4428061544895172},"rotation":{"x":0.14645560085773469,"y":-0.6359468698501587,"z":0.12461499124765396,"w":0.7474043965339661},"size":3.060303211212158,"orthographic":true}