{"cameraMode":{"drawMode":0,"name":"Shaded","section":"Shading Mode"},"sceneLighting":false,"audioPlay":false,"sceneViewState":{"showFog":true,"showMaterialUpdate":false,"showSkybox":false,"showFlares":true,"showImageEffects":true,"showParticleSystems":true},"in2DMode":false,"pivot":{"x":-33.866573333740237,"y":68.3606948852539,"z":-86.76123046875},"rotation":{"x":-0.3480813801288605,"y":0.0005549833294935525,"z":-0.00020569769549183547,"w":-0.9375312328338623},"size":25.93136978149414,"orthographic":true}