{"cameraMode":{"drawMode":0,"name":"Shaded","section":"Shading Mode"},"sceneLighting":false,"audioPlay":false,"sceneViewState":{"showFog":true,"showMaterialUpdate":false,"showSkybox":false,"showFlares":true,"showImageEffects":true,"showParticleSystems":true},"in2DMode":false,"pivot":{"x":6.720634460449219,"y":51.43629455566406,"z":-58.71028137207031},"rotation":{"x":-0.32544174790382388,"y":0.014738660305738449,"z":-0.005087078548967838,"w":-0.945496141910553},"size":119.29169464111328,"orthographic":true}