{"cameraMode":{"drawMode":0,"name":"Shaded","section":"Shading Mode"},"sceneLighting":true,"audioPlay":false,"sceneViewState":{"showFog":true,"showMaterialUpdate":false,"showSkybox":true,"showFlares":true,"showImageEffects":true,"showParticleSystems":true},"in2DMode":false,"pivot":{"x":0.33342042565345766,"y":-0.1302328109741211,"z":-0.14856873452663423},"rotation":{"x":-0.3069744110107422,"y":0.003419345011934638,"z":-0.0010988215217366815,"w":-0.9517554044723511},"size":20.734432220458986,"orthographic":true}