{"cameraMode":{"drawMode":0,"name":"Shaded","section":"Shading Mode"},"sceneLighting":true,"audioPlay":false,"sceneViewState":{"showFog":true,"showMaterialUpdate":false,"showSkybox":true,"showFlares":true,"showImageEffects":true,"showParticleSystems":true},"in2DMode":false,"pivot":{"x":97.93133544921875,"y":1.933052659034729,"z":99.82266235351563},"rotation":{"x":0.0020873453468084337,"y":-0.9143643975257874,"z":0.4050436019897461,"w":0.004676854703575373},"size":127.47298431396485,"orthographic":true}