{"cameraMode":{"drawMode":0,"name":"Shaded","section":"Shading Mode"},"sceneLighting":true,"audioPlay":false,"sceneViewState":{"showFog":true,"showMaterialUpdate":false,"showSkybox":true,"showFlares":true,"showImageEffects":true,"showParticleSystems":true},"in2DMode":false,"pivot":{"x":0.3806118965148926,"y":0.05454063415527344,"z":-0.4428061544895172},"rotation":{"x":0.14477777481079102,"y":-0.05340494588017464,"z":0.007823091931641102,"w":0.9880003929138184},"size":3.060303211212158,"orthographic":true}