{"cameraMode":{"drawMode":0,"name":"Shaded","section":"Shading Mode"},"sceneLighting":true,"audioPlay":false,"sceneViewState":{"showFog":true,"showMaterialUpdate":false,"showSkybox":true,"showFlares":true,"showImageEffects":true,"showParticleSystems":true},"in2DMode":false,"pivot":{"x":0.33342042565345766,"y":-0.1302328109741211,"z":-0.14856873452663423},"rotation":{"x":0.31124550104141238,"y":0.007118347566574812,"z":-0.002364417538046837,"w":0.9503386616706848},"size":25.12592887878418,"orthographic":true}