{"cameraMode":{"drawMode":0,"name":"Shaded","section":"Shading Mode"},"sceneLighting":true,"audioPlay":false,"sceneViewState":{"showFog":true,"showMaterialUpdate":false,"showSkybox":true,"showFlares":true,"showImageEffects":true,"showParticleSystems":true},"in2DMode":false,"pivot":{"x":1.7435364723205567,"y":0.6875,"z":-0.4105359613895416},"rotation":{"x":0.0799308642745018,"y":-0.6977794766426086,"z":0.07883066684007645,"w":0.7074718475341797},"size":1.9392430782318116,"orthographic":true}